,10-Left-Thalamus-Proper,1000-ctx-lh-unknown,1002-ctx-lh-caudalanteriorcingulate,1003-ctx-lh-caudalmiddlefrontal,1005-ctx-lh-cuneus,1006-ctx-lh-entorhinal,1007-ctx-lh-fusiform,1008-ctx-lh-inferiorparietal,1009-ctx-lh-inferiortemporal,1010-ctx-lh-isthmuscingulate,1011-ctx-lh-lateraloccipital,1012-ctx-lh-lateralorbitofrontal,1013-ctx-lh-lingual,1014-ctx-lh-medialorbitofrontal,1015-ctx-lh-middletemporal,1016-ctx-lh-parahippocampal,1017-ctx-lh-paracentral,1018-ctx-lh-parsopercularis,1019-ctx-lh-parsorbitalis,1020-ctx-lh-parstriangularis,1021-ctx-lh-pericalcarine,1022-ctx-lh-postcentral,1023-ctx-lh-posteriorcingulate,1024-ctx-lh-precentral,1025-ctx-lh-precuneus,1026-ctx-lh-rostralanteriorcingulate,1027-ctx-lh-rostralmiddlefrontal,1028-ctx-lh-superiorfrontal,1029-ctx-lh-superiorparietal,1030-ctx-lh-superiortemporal,1031-ctx-lh-supramarginal,1034-ctx-lh-transversetemporal,1035-ctx-lh-insula,11-Left-Caudate,12-Left-Putamen,13-Left-Pallidum,14-3rd-Ventricle,15-4th-Ventricle,16-Brain-Stem,17-Left-Hippocampus,18-Left-Amygdala,2-Left-Cerebral-White-Matter,2000-ctx-rh-unknown,2002-ctx-rh-caudalanteriorcingulate,2003-ctx-rh-caudalmiddlefrontal,2005-ctx-rh-cuneus,2006-ctx-rh-entorhinal,2007-ctx-rh-fusiform,2008-ctx-rh-inferiorparietal,2009-ctx-rh-inferiortemporal,2010-ctx-rh-isthmuscingulate,2011-ctx-rh-lateraloccipital,2012-ctx-rh-lateralorbitofrontal,2013-ctx-rh-lingual,2014-ctx-rh-medialorbitofrontal,2015-ctx-rh-middletemporal,2016-ctx-rh-parahippocampal,2017-ctx-rh-paracentral,2018-ctx-rh-parsopercularis,2019-ctx-rh-parsorbitalis,2020-ctx-rh-parstriangularis,2021-ctx-rh-pericalcarine,2022-ctx-rh-postcentral,2023-ctx-rh-posteriorcingulate,2024-ctx-rh-precentral,2025-ctx-rh-precuneus,2026-ctx-rh-rostralanteriorcingulate,2027-ctx-rh-rostralmiddlefrontal,2028-ctx-rh-superiorfrontal,2029-ctx-rh-superiorparietal,2030-ctx-rh-superiortemporal,2031-ctx-rh-supramarginal,2034-ctx-rh-transversetemporal,2035-ctx-rh-insula,24-CSF,251-CC_Posterior,252-CC_Mid_Posterior,253-CC_Central,254-CC_Mid_Anterior,255-CC_Anterior,26-Left-Accumbens-area,28-Left-VentralDC,3-Left-Cerebral-Cortex,30-Left-vessel,31-Left-choroid-plexus,4-Left-Lateral-Ventricle,41-Right-Cerebral-White-Matter,42-Right-Cerebral-Cortex,43-Right-Lateral-Ventricle,44-Right-Inf-Lat-Vent,46-Right-Cerebellum-White-Matter,47-Right-Cerebellum-Cortex,49-Right-Thalamus-Proper,5-Left-Inf-Lat-Vent,50-Right-Caudate,51-Right-Putamen,52-Right-Pallidum,53-Right-Hippocampus,54-Right-Amygdala,58-Right-Accumbens-area,60-Right-VentralDC,62-Right-vessel,63-Right-choroid-plexus,7-Left-Cerebellum-White-Matter,72-5th-Ventricle,77-WM-hypointensities,8-Left-Cerebellum-Cortex,85-Optic-Chiasm
sub-132,0.011459714619811578,-0.12655007498521104,0.028388912338528118,0.04711355928229286,0.15524267401187059,-0.14828839657467674,0.021886161979554952,0.040502005823436715,-0.017797514236407214,0.14948156367833745,0.12246018276674905,-0.056606438436589954,0.06978375105343687,0.04613743803157258,0.019195129577857975,0.10021716995174579,-0.04550834012052239,-0.04866579319848505,-0.033298186541066366,-0.013967755882521778,0.18996790433309108,-0.01350054721583552,-0.004168870445550038,-0.04414367821870646,0.1248294198331592,0.01904798782939589,0.01705489297246464,0.042505884334693,0.11761991607275865,-0.07612364696846187,-0.00988429613157551,-0.17423075487183898,-0.01948767826399693,0.09338638404120246,-0.12039321903412117,-0.26124906942669285,0.12109243081948132,0.3178651525956161,0.12055777010345715,-0.05839048117598421,-0.022559892314700968,0.04613436543087118,-0.011531363817118372,-0.08648132240559969,0.02704296258203996,0.08719289521949872,0.005642838581882289,0.03390192654932547,0.03663298773314408,0.017317235355810246,0.14460293588398226,0.09121665503458212,-0.0020539398695813412,0.23985263005900087,0.039496645453306195,0.005917186132428871,0.03603529072497502,-0.04709387531082869,-0.07180293962489635,0.0157678637522648,-0.029684102426688543,0.20839635394138015,-0.1537481387229634,-0.01275177738893541,-0.09171508707332539,0.04591671146440723,-0.033031809822558156,-0.0346739597175601,0.011768350408744906,0.022831770122911994,-0.07443445962395753,-0.059124637939298744,-0.12228763301034881,-0.09143105642157279,0.01682364698700097,0.07999850995573929,-0.07831363383320239,0.19959774237169198,0.05099001345129681,0.05900051699146802,-0.06835663186175353,0.0026979845454627753,nan,nan,0.06867426960236706,0.08821726045784528,0.017685850298872673,nan,0.04321717514370017,-0.1400169898525795,-0.014491271009618894,0.035230951519505435,0.14256870362844082,nan,0.1530007102981106,-0.04036340561993742,-0.09950669053973045,0.0788590950056141,-0.038916907331351835,-0.007115604008632215,0.08858254731949503,nan,-0.20468320318754618,-0.029312660554481243,,0.0284921337278732,0.0010922053954603773,nan
sub-133,0.002694296048171748,0.06095466721798927,0.06414215762311704,-0.05057656749795314,0.23663088791577774,-0.01953658799184641,-0.013339076145082975,0.18562096387947663,0.06226925507437012,0.024096900852603964,0.21991321930710436,0.03477857641951291,0.11984402999290286,-0.1238100485718523,-0.06291923017865629,-0.006939103500425113,0.01465215974705385,0.034030081727787334,0.016103507782826786,0.1463411838790642,0.21391530888410182,-0.01303360824799346,0.08181443404997187,0.054450028079854565,0.06622598826830534,0.14525759749267883,0.15223515364998585,0.031062875886789437,0.0660012605238325,0.05706944349597577,0.10202375854129803,0.07519852291130151,0.04478496066672932,-0.02545808258207778,0.04142340399758279,-0.04159879328080499,-0.04021380629171209,0.14485724446183063,-0.0005066716750922074,0.01329072010126083,0.020406480437524632,0.1135284567393143,-0.08855170968702641,0.209660513494123,0.06256246655042844,0.1138567235482597,0.05957933934452843,0.03657534559381958,0.058972409814502205,0.012135352738169288,0.1356395325570741,0.10117222089726921,0.05482601949620659,0.4124555093902828,0.03531727202333386,0.05990274728138882,-0.05714478198023659,-0.03306591562985434,0.0860175346650631,0.09973431819751913,0.04185488263431453,0.21532350851164989,-0.01915634191499445,0.013338762042284385,-0.013967878593527102,0.14128137044610473,-0.02112365039093117,0.1118750595717036,0.0633763850658724,0.040806660376745914,0.1722547983848693,0.03680458519678831,-0.05353362246737645,-0.07439989375446135,-0.11824264218850666,0.02803153689522075,0.2632162492204939,0.143470730402182,0.09036157982436352,-0.011913962982735934,0.01560242771297778,-0.08152064918851953,,,nan,-0.05511081265257814,0.08471187744984218,,-0.05776696975511783,-0.12240314291235738,-0.07154328504370534,0.017167884416515473,-0.15000702245245356,nan,-0.1720567697298327,0.04774498189466774,-0.1295109929928718,0.0030070776223871444,-0.029863499102448725,0.021759989180603137,-0.05605418189640646,nan,nan,0.04808890840903044,,-0.004370560094566179,0.0003252302478662613,nan
sub-134,0.037745783430044394,nan,0.01449165248603043,0.07121536098757728,-0.07791816279984948,-0.08348009626592151,0.019329810551455787,-0.020978496542254026,-0.010471848271156561,-0.04083419285546624,0.06460962818053578,0.09961221119593452,-0.009608887096221297,0.3086210389320958,-0.054727513202490516,-0.06639424532708121,0.0892265031197308,0.09868735229286382,0.0010122086245899498,-0.01762123851178754,0.06386667331600354,-0.03832696611926101,-0.08752597764076539,0.01924308696533731,0.0058408854668156405,0.07743261071693722,-0.049001665349572836,0.04077641258086062,-0.031147318683214048,-0.007118808015816073,-0.04547105357715611,-0.0033189979573133334,-0.015216069397976748,-0.07071722711784938,-0.02155849413207976,-0.11389391247201067,0.03795600397586569,-0.05336174484158636,-0.049046567125523875,-0.08789805308428944,-0.057685500527496394,0.03126180094503718,nan,-0.020983040255333818,-0.16274078305476375,-0.09980204414670718,0.0713481470486795,-0.08691992393269371,-0.032521888987898734,-0.09128956813540937,-0.17325382419637364,-0.004214611124743424,0.06727968059057818,0.0066037285499946,-0.13225214506706645,-0.07934814013699698,-0.02257908817513679,0.002128351376089103,-0.10233680635365835,0.1067585015941214,-0.09820391436428019,0.09629710472073824,-0.06615359410060373,0.018583413494698775,-0.11663272956516388,-0.03319720513217912,-0.01794289851115434,-0.04381441827875324,-0.05021136518646782,-0.10828004435782969,-0.039958100018768726,-0.1450609141702738,-0.11674531469568153,0.0263562300757079,-0.16610233111467448,-0.08695493315819289,0.07205525303158061,-0.1462308054145927,-0.20460722397642023,0.010426408023963572,0.004210090474421054,-0.12624087280509316,,nan,-0.08178445540320056,-0.09262668399294124,-0.03974467634611992,,-0.08912201274718959,-0.12855577814444574,0.15552397682069885,-0.043457076895305355,-0.0004188661993618392,nan,-0.12410975654113679,0.03221895622374894,-0.14926518062759378,0.06742826242569756,-0.08816806976254873,0.033349057489140785,0.07006752452629589,nan,0.04601467470975789,-0.15793464956396522,,0.00047994645642737883,-0.09037611831237215,
sub-136,-0.017759042986346882,0.17679742244143848,-0.20847931690547222,0.006046943472559097,0.02017835305746052,0.025891903923840866,-0.011021664210221556,-0.03717482699595813,0.012028463850576838,0.07133324671353064,0.054575116902043974,-0.008309652540096905,0.026108872287939927,0.014691185769204761,0.0016697827920605294,-0.04120765087746052,-0.022293031062470027,0.0711496393626259,0.11255432751155692,0.00824159656269239,-0.039480100016731495,-0.002790889741189854,-0.02345909099207808,0.026251245958069845,-0.04191640647540807,-0.17903383281168717,-0.007521023354266432,-0.05186746840570803,0.03503385662943501,0.15815347965101578,0.08457930121710938,-0.008180170013946296,0.07352689590939374,-0.16504807792645448,0.21366003423502117,0.2313722763642,-0.009047802014169312,0.3275975868605925,-0.03811513665663604,0.10850889931538912,0.29427414995203993,0.006944569508011574,0.1432776407526607,-0.19864959643896254,0.0005695262882869552,0.13880292778357012,-0.004800417035080209,0.029042031563993105,0.004984179447888959,-0.025879609622535,-0.016959806934851752,0.102347182924333,-0.040579275652545446,0.07000275960870025,-0.1309376421994505,0.05007788494763308,-0.020164308858226503,-0.04078168281912582,0.0003011561601572806,0.012867232971531214,-0.02914073590331038,0.13520688036546957,0.007018214909868381,-0.01705785356053681,0.006288879793789241,0.07788869678520888,-0.18195631974947035,-0.05824623320726035,-0.043726997713424975,0.010368175266260667,0.1387460493898155,0.06395375206787528,0.03261455787404827,0.14952907569536067,-0.06746196678281291,0.1128192101404269,-0.10429937654303845,-0.012236329057748815,0.13204852740392187,0.04272866301459394,0.1940888647486129,0.35028807780167937,,nan,-0.16992855617036715,0.04130281937867608,0.03197355665862769,,-0.043407052173091015,0.030956483557677376,-0.005414981012502832,-0.048427762692384455,-0.061053695688064596,nan,-0.05949765707599982,-0.049334158254093,-0.05862733824922098,0.09617995645005345,0.04506390567777077,0.031286056829136905,0.06426804823056273,nan,nan,-0.021169699950617075,,-0.01543457124111678,-0.06854636064136121,-0.00590763375885895
sub-137,-0.01597243220012718,-0.12910630950860838,0.04678136598764496,0.061634151836718234,0.1967624121056606,-0.07190045275114626,0.07619075792368549,0.08958039681040214,0.03768509652864879,0.006674393366711948,0.20001660319463604,0.025440364801747273,0.08195323641753083,-0.01489175423940719,-0.03573411271238035,0.044340594776731496,0.09814580906208788,-0.031787246151270626,-0.01982026937539909,-0.0010833949765953494,0.05455728005541846,0.39922899060773076,0.06525737831064399,0.40214673884602226,0.030270723323614364,-0.061660832209320345,0.0643417767272346,0.09301785567585366,0.12343732867203747,0.12354137171503057,0.06334105626896908,0.31763536959968436,0.16418490784631048,-0.20796735701154107,0.005568543614902492,0.000491947819144034,-0.004770462402770506,0.21334210735478842,-0.12543235043542691,0.002198364797357413,0.20122823451727134,0.15322687265230428,0.12054976060340618,-0.07222620958934085,0.03270423160332839,0.2391547184170717,-0.05190092557587472,0.09220043957549234,0.0943805303939397,-0.13820817045183226,-0.017911393682771275,0.1310523180827468,0.07062961287734204,0.11058467712319729,0.051032748047147566,-0.02223653605026111,0.15854857246863083,0.12144633516445355,0.026866554781216297,0.07671229570671145,0.06260811746633507,0.4670720714862877,0.505550008846863,0.07810517281963313,0.4420563784237559,-0.06381718347576365,0.1291169172734199,0.01375408790500722,-0.0008999570121836318,0.2789923861200012,0.07930333933414893,0.09651966904134388,-0.18704296473702664,0.2452431632854088,0.036073691779908476,-0.007702558651137366,-0.051192769386784145,0.03842370475879869,0.0126562987276019,-0.11793492580217525,0.0058962020496702424,-0.006442329442977367,,,nan,-0.007822284615868026,0.25255148625042617,,0.13986749760446288,0.021622383853834998,0.0060845632223870336,0.06437298812929859,-0.018365230390498023,-0.03673380924783426,0.02881857280238033,0.16795704607039075,-0.14805104922342116,-0.23432265743010208,0.01647125493735251,-0.005761209942066802,-0.031483036783233206,nan,-0.06279090738340665,0.25362886817245023,,0.017119082264397366,0.13921672167700533,nan
sub-138,0.1293081047819158,nan,0.0038964610598831275,0.2634744314573433,0.07223625053873665,0.5434761521224183,0.1719728807029614,0.045656475072747546,0.24562211839931353,0.03449928612449936,0.20063406405206036,0.24457416000502302,0.045368042084423854,0.4240066724450038,0.35050581238518386,0.4571172109668774,0.29512803066416626,0.193920237491001,0.17216400893188016,0.12815545797895989,0.18562710542139416,0.26532832434350895,0.03322576382242343,0.30346939786703664,0.12811812671216494,0.14584883375350924,0.12063842383215312,0.1294341398948903,0.06041089505227129,0.5105257677460163,0.04252929292056992,0.24554701184542904,0.13692520168336306,0.2591087311149434,0.27539148442520295,-0.004612181574044704,0.24921311198029525,-0.18964313351469658,0.10018104599743248,0.12818675443106048,0.15363762078597085,0.22209022374555476,nan,-0.015144347379426625,0.08061400077971412,0.1978444734900245,0.376572552206086,0.030718497298145707,0.037329920994382565,-0.011256098841245454,0.12529585547937924,0.2270811118113168,0.3828162702906894,0.05176242742036681,0.6377151840395028,0.0065664175604883725,0.06037485093374888,0.058519007267932084,0.046606326413119244,0.05506689298537552,0.04170805606218752,0.13441747378490856,0.10581045943696515,0.11972081315100191,0.08263927051268624,0.09977952401746226,0.07747871153027173,0.04352880539079864,0.1385341883654509,0.06254067458500726,0.07082270477145208,0.008113151321277313,0.12200467144250662,-0.01021098175633214,0.07904489234671286,-0.15223407418151552,-0.1382102121400166,0.05328642618740849,0.32368591593169166,0.27274549292408856,0.16400561867121022,0.28429467560128785,,nan,-0.06729740845065701,0.14857596436628834,0.1303885705619497,,0.17681131417472162,0.07134261758987553,0.0805961747291816,0.07708974342806885,0.4138374685101116,0.034299769470497524,0.11043644469421682,0.16013786637743582,0.1487909657090119,0.14636154239347898,0.20307298455840536,0.049504607089877584,0.17774765041988827,nan,-0.3584671586278114,-0.03277049035355867,,0.15547859239321687,-0.078769970716309,nan
sub-139,0.01478251576047231,-0.08693403756016942,0.09408078624358043,-0.01377545854398896,0.01669317934119849,-0.14232948848673416,0.03085652707368945,0.054095911561053395,-0.009007486951521652,0.026033836617258846,0.04140226618410599,-0.0212951741852624,0.03053822805666981,0.021397513770138824,0.027806150850772485,-0.085496721891315,0.005020554982178271,0.009426340737166632,-0.08692786362026135,5.2730898960355135e-05,-0.005646580724580203,-0.017230429369521773,0.0974090881018072,-0.011043523676840495,0.010599673467072628,0.006337233756141029,0.0015014193575896985,-0.01922771170770257,-0.001665267723720254,-0.045479230716611814,-0.007484616151846094,0.15310125233194793,0.02385890177402944,-0.04921988003193886,0.0385139035329365,0.05468132253457612,0.2295511209961456,0.037008255472087276,0.06018128955343891,-0.10403804220118923,-0.06243096446105453,0.009451863465341496,nan,0.1241994873092305,0.033144660464216186,0.04237268626861414,0.27587769026586906,0.044398354096029935,0.08135773998060686,0.06976172579046258,0.056187482203199635,0.03467735116792995,0.0855561252706559,-0.010063352239049025,0.0563362781273125,-0.007555617997788346,-0.09458395651354275,0.03484425391413369,0.03247563020149999,-0.05424329944321249,0.11835840996831248,0.010532575055237012,0.043462299837657814,0.18214203156977987,0.03635620228299781,0.09021604317839028,0.02237847047577792,0.04563976216471102,0.07627869721935161,0.03308166274958131,-0.009599910519679426,0.031910388206684764,-0.08781456033319746,-0.21341021466622406,0.11313983513490092,0.03771989822217443,0.12155092683477867,-0.08327359979760357,0.08619436021282192,0.03572644258523493,-0.008418040118858109,0.07841855814116258,nan,nan,nan,0.009399821219941526,0.02909152589155179,,0.056425067098427054,nan,-0.020880408702144686,-0.0364983892314841,-0.0019534824267739967,nan,0.04505701389826637,0.12311483771418408,0.08899940148851225,0.05796637688409299,0.06409860765263635,0.10132801685371778,0.24398064008772094,nan,nan,-0.005622383785395427,,-0.08267435223977695,-0.022223736926902764,nan
sub-142,0.044827838102745404,nan,0.07563684845370525,0.012410663713227995,-0.0018040610863342447,0.02263314444080014,0.05800569165397283,-0.008102463785705661,-0.028999246180840314,-0.03198692046710648,0.04843895074434028,0.015832773658144575,0.09059197181304751,0.011587780351196793,-0.1266508263707224,0.14758445290387037,-0.010169414701432926,0.009133810819685298,-0.12234816820390287,-0.02069898463040369,-0.0002640497100062126,0.01954047202553836,-0.011461250122302287,0.02290099737701927,-0.011146610348795487,0.01658453120426662,0.029162811106299907,0.0002296670438356833,0.043457674442235056,-0.0713537073972726,-0.025944967278206603,0.08694871780379157,-0.048881526935827806,-0.06530771246962828,0.04999598821462568,-0.02383515147614818,-0.1166387495728942,0.06795633746145188,-0.05088370721373199,-0.0127753180987419,0.06351826368683039,0.015329758654225346,-0.08792993258653375,0.02822139165693502,0.014354033952123762,-0.0046899175759770465,-0.16252190622349236,0.04988408738175671,-0.059455989478969504,0.048001835146368875,-0.06473126140341245,0.04294636698630172,-0.05215759869387508,0.07817679272566094,-0.00408699106695276,-0.012238568408546951,0.004609997020878621,0.020462936140713088,0.13702869944826176,-0.050241123987441086,0.009727038576080562,0.03904514363659184,0.05755453711426277,-0.023597181957646603,0.06626797206767186,0.029256098792952392,0.019648426727739338,-0.03847461871571399,-0.034025880866806836,0.14029814023306342,0.1523037568036879,0.15345894296663976,0.21075412435431287,-0.057644245949188766,0.09827141611038001,-0.11864157619032381,0.04745136993992101,0.20840604552233155,-0.04703217847079931,-0.17406976832012916,-0.1159546957006769,-0.12445140060109672,,nan,nan,0.013436357657248165,0.04546456112474212,nan,0.07111657398835872,nan,-0.0689423979089028,0.041217405756532585,0.03095936031522424,nan,0.0775475523711005,-0.0763364103954402,0.006793044060938169,0.12592785163650436,-0.08914207219680195,-0.05227152980661754,-0.05798978302214784,,nan,0.011308237579855685,,0.07267522140569577,0.10033071084944795,nan
sub-143,0.0668418132911118,0.11174923567071988,0.2400018889245987,0.2214011288184752,0.03172552620766472,0.05142409912524878,0.13446761341599756,0.07865248741608924,0.15844657488402897,0.10307926891769686,0.15212344273205577,-0.10877480137467552,0.13648172744366255,-0.1200015935500127,0.11852419739118936,0.00030634928381244547,0.23101157656575616,0.2520153341519338,0.06605245575883559,0.17819142394973014,0.12314130969959847,0.03875756348920742,0.10899100143959395,0.29319700717491237,0.204650526293402,-0.11801821249310968,0.27701901164937176,0.11158533843522966,0.21643658147365333,0.12049881864505346,0.20801413684137618,-0.055623026983077875,0.14232015293983896,0.03932555095127786,0.011442588296892445,-0.04570732242568959,0.36107989016250996,-0.024505151083801108,-0.042150527632239615,0.0028234092197047885,-0.033541692410375204,0.213733238220344,nan,0.06726674461341492,0.07961084964307785,0.20387099674234016,0.39211749409189556,0.17207436200240694,0.180181569422653,0.14162933426068525,0.1532157646457098,0.1816987788824126,-0.03757785418586006,0.35276087778835163,0.021489273765023964,0.05274028523536947,0.014222680999741364,0.10867087024028435,0.14467632837405817,0.06938232809094061,0.11026151083788141,0.5443138355831469,-0.006864773836303482,0.0436037037737715,0.042417813015721784,0.23251851998465528,0.07748768804095313,0.16154856209150237,0.05063571636815498,0.12936770318339674,-0.0187211208047243,0.093574758022425,-0.04032272658400981,0.13525355069836456,-0.021649586030981487,0.19371130929489397,-0.08587401520627846,-0.04681803275261208,-0.19844064561141894,0.24343222977696083,0.08297746407559248,0.19643539104568314,,nan,-0.1653889271447389,-0.0873158991310799,0.1609759947723644,,-0.003072385430777023,0.13230649431673525,0.03643809406574783,0.18297423922521217,0.13932366855305997,nan,-0.012695914194552717,0.030734076474582137,-0.0031285298906820642,0.06241000104706536,0.14643310589516245,-0.23680307583521198,0.06938222343162923,,nan,-0.030149204828131417,,nan,0.10151307824368162,nan
sub-144,-0.07467274727067345,nan,0.007381886682969678,0.012403376372135736,-0.0308107101842358,-0.10396344003337439,-0.02378005618855098,0.014897155815353523,-0.04549736231632302,-0.056316359906495916,-0.05397702240153061,-0.032867148123027295,-0.031467098953302144,-0.06748439808295306,-0.020117362892157854,-0.0491212105964518,-0.0024092607944937285,0.07193554131770405,0.030476623913261468,-0.03468365763892024,-0.0306910660371896,-0.0009398083508357431,-0.03378801772115356,0.03467663321450827,-0.020544794809041433,-0.03772410840501193,-0.02923304340761283,-0.022955902466987664,-0.0010837415057687537,-0.09013713876680836,-0.022138906330003448,0.008077408319621268,-0.053911522193614725,-0.10677373288889866,0.00351251132790078,-0.08453263206713363,-0.03449547473386251,-0.010727790976857478,-0.06758092396981402,0.02620095362414085,-0.08865443399698796,-0.015014460741483882,0.06482220544542733,-0.15085502008070417,-0.015361097529858533,-0.09337264179315902,-0.05006569253212005,-0.046202283004627226,0.008098280582016719,-0.0677883380666399,-0.03322923661412606,-0.02693980687671082,-0.13718034528422818,-0.008994921790045143,-0.05210557523624683,-0.04030509944818883,0.019062963662686075,-0.019493907686744992,-0.10106353247053625,-0.08650699047104884,-0.04376332958622592,0.008564816448801811,-0.16169527961603836,-0.07979951073510058,-0.10178509224492041,0.03261670151886465,-0.07197152600273776,-0.03472142206697614,-0.05336807022862963,-0.04317753195183654,-0.09859197477308712,-0.10047529992530585,-0.11118642913373039,-0.056943730445921034,-0.0969197110018825,-0.0029714987215681884,0.013400995034102385,0.03738529363966857,0.00026667926894569094,-0.05428997236642001,0.018572065771788694,-0.050457339725540874,nan,nan,nan,0.05499484706903965,-0.08614209786563437,nan,-0.042636169114000394,-0.02382276203848837,-0.011732557230853584,0.03710090159552561,-0.12072386465904918,nan,-0.021563343201606765,-0.10371941102638216,-0.08946227372241936,-0.034060293806744565,-0.05822531413138797,-0.04066424499152098,0.029945246088034214,nan,nan,-0.04360660316312131,,0.03915513640942568,-0.03361476763842366,nan
sub-145,0.0023820039457413214,nan,-0.03562024662797006,0.07034571082189316,0.20872300031236268,-0.024339002966389647,0.0610781886516322,0.062228697590668236,0.13672351674750177,-0.1404819153893198,0.145120040163361,-0.11746562613813169,-0.026247121964802465,-0.12544743372774486,0.0265271917871117,-0.05866929857319986,-0.08683653879668005,0.05158477308193033,0.08985448377238339,0.1003754676751384,0.21939193027725154,0.01368951350436453,-0.07370242235595485,0.04840485716596188,0.06990981419591011,-0.24264399631359884,0.07247259640975137,0.006141031622469999,0.02900081059744159,-0.05743398575385882,0.03174441973089985,-0.13185311011073297,0.04303205387629257,-0.03882674209583693,0.08074824096596622,0.20221777188648388,-0.06994115669525067,0.031209643092711285,-0.10239605180660849,-0.07593105935275547,-0.06270789903845145,0.053080301074611286,0.08541326374276417,-0.03212893174287025,0.006503913778331501,0.21061626557178081,-0.05714099809749702,-0.05960855937964804,0.1832452676078558,-0.11929721392861106,0.06788716891298266,-0.03867494093701137,0.02258209170602404,0.023616466802889535,0.04446815099837649,-0.03351009377667667,-0.0580317381685235,0.08767110276492726,0.0943961317179336,0.14729310300254936,0.1324237153850089,0.036199577628630034,-0.011085726817545955,0.05914583925382877,-0.0012723586249644907,0.1650691286352149,-0.1755162857034094,0.24622587395744272,0.055798497730038824,0.033776883834546856,-0.049017933139447294,0.02939373397756361,0.007770053430862569,0.049349609870274924,-0.10617674200235677,-0.043762411363440355,0.14811035247770588,0.015392782425410239,-0.016945086382471594,0.07191286138608718,-0.20997889507853423,-0.11729292144632444,nan,nan,nan,-0.06959232470487596,0.042208595089479634,nan,0.04988872743449415,-0.1264707300767075,0.038835494530876764,-0.0360494058764476,-0.11659456939658157,nan,-0.15136547912092466,0.017229890584515913,0.03019907070764386,-0.07370587791172213,0.15087149826060514,-0.055539748591698516,-0.05149702203172877,nan,nan,0.09421396959237134,,0.027444082975466785,0.17625144806423462,nan
sub-146,0.09945451735420757,nan,0.009690186878024443,-0.0269757822981357,0.004931098511541105,-0.14627570182945537,0.08072410929890526,-0.039226712031258146,0.00430546783762292,0.12760625706373296,0.04318134183941339,0.18397375489200668,0.07686115416325079,0.15620084190300704,-0.0014037408123940146,-0.013558820656753866,0.020412185775024565,-0.07853091600391346,0.020976301012942008,0.06665246871582067,0.23638490438212337,-0.012661036247427714,0.038177692821143916,-0.010079614871835951,-0.04026600984929868,-0.042912779045452626,0.08323033488962754,0.05182722172968619,-0.029463224794572286,-0.000824534794938144,-0.010804835185302297,0.014747341311022621,-0.010325919177688561,-0.060260954190689164,0.0480114379385979,-0.03528615152953268,0.10354510594459218,-0.05151991281736736,-0.03367341429341304,-0.01801399314179924,0.10975234838674233,0.01131302852756588,-0.10503614273644474,-0.01034366682435921,0.06160034112194731,0.09010099052062726,-0.12601586333246492,0.021770523345759248,0.05177707538314846,0.03757634152074703,0.061726064482416854,0.06570298061575888,-0.038518626695868786,0.031190215299520214,0.13544763782526303,0.00977992126652066,-0.07391003278561584,-0.0069056796714391765,-0.09385601445049988,-0.1454096776115439,-0.08657523698286296,0.1435197254850718,0.00659894585372565,0.054222957673226505,-0.00599735648972651,0.013215342345170675,0.08583437833494408,-0.010241835960502602,0.05631880054028271,0.060234479880026934,0.01343575947504758,-0.0015609399645894768,0.05941210512301838,-0.018012392068415102,0.034421262203456655,-0.03864081063298433,0.1824449725507336,-0.10160676652103312,-0.02290538565528813,-0.109083267488225,-0.0981409337761372,0.03805760978334391,,,nan,0.05392622267675573,0.03810473898934759,,0.08939497645543101,nan,0.00537967782789622,0.007435221276346294,0.18157498688390325,-0.08890775448892632,0.10739531992702031,-0.02258581772000241,-0.10596730857124906,-0.057195823955740216,0.04599088816606099,0.009722384559190628,0.09983703858867948,nan,0.03580137677062124,0.1448444278852401,,0.0020771691932116813,0.03373287902169557,nan
sub-148,0.060547864047600694,nan,0.02599815168582719,0.17975064391121737,0.04751104323120532,0.07488237837446404,0.12277944895904326,0.06405782633336567,0.07499795758526409,0.009552295469043548,0.06407280588469907,0.31179386880278925,0.5631598033081529,0.10347942099368092,0.09062811355221613,-0.0809316510711484,0.06859538192889483,0.2613148621672972,0.13305377950532177,0.2221475998700384,0.05597686337873251,0.13588850862987198,0.012706505488865679,0.18914677642060368,0.019043160609013957,-0.019495418821681855,0.15015010404897478,0.06651238513774402,0.149137783063146,0.08284257758777762,0.1399046044822199,0.2308325923925626,0.21302385224557244,-0.005842297023732967,0.04705592959775902,0.1912139500195934,-0.10594992875310605,0.11938449179116838,0.046252898511708204,-0.006497119252951369,0.10618988353657416,0.10505259484702639,0.13461585508485766,0.002909498289228992,0.15195721175942678,0.17337106782843942,0.22259212489448302,0.1969610614156047,0.002302592569044681,0.019463487035262895,0.07557150177868388,0.0459352264686376,0.14707601116780844,0.41607725333932655,0.0679819742787361,0.042802067712634694,0.22220791394171244,0.05335340228688388,0.19062590747059371,0.0037348342245048386,0.16036971757186613,0.22627322001665345,0.15944188213622837,0.026130779362392442,0.13693501786086265,0.024867398043710208,0.06804352690629464,0.08540192936670267,0.036671295203172014,0.28027789905890704,0.10575689161511098,0.2055921103426983,-0.019263565544915796,0.10709985790397478,0.2980753499051688,-0.037486749988029144,0.12721044227868322,0.017653891162281346,0.12304298350044038,-0.05953968959761237,-0.02210415315700088,0.08323629247292805,nan,nan,nan,0.06834718609884331,0.09895392309545256,nan,0.07670018339836814,nan,0.13321063438749856,0.1210606330066786,0.08114326731046126,0.1364888257991857,0.17803554264264998,0.2647821521585876,0.10628730203100772,0.08487590803853501,-0.07763854270955046,0.15706389794762882,0.03179347041908599,nan,nan,-0.020824315893785236,,0.09817494487370365,0.08515927005796538,nan
sub-149,-0.04503304061644588,nan,-0.006609635183580749,-0.008779789454166442,0.025303251115870187,0.010054324196898876,0.014845552270703248,-0.006186888097733571,-0.0051321349991894525,-0.004984695491952921,-0.002408782911992983,0.025646392092203568,0.02141925180276307,-0.00990881929612903,0.007294314108391387,0.03431413118600258,-0.012243562602780207,-0.007477793358270997,-0.007297109177181937,0.0014381736969363808,-0.003709385931244232,-0.01278799840804691,-0.0011813362056954612,-0.005625800424910505,-0.0037461056298785304,-0.014772160214145118,-0.005844987852519464,-0.004800932720906163,-0.00506822087869027,-0.017213980668619955,-0.01248037575964375,-0.02219568535325879,0.011325036358862565,-0.08927147989197705,0.1696430637213444,0.014554467467545261,-0.009545311246290624,-0.06656144530559491,-0.12272966174822045,0.00883748892125212,0.03705191020628504,-0.0056974261923104326,-0.07216705213159497,-0.019619095600542494,-0.010008811423880947,0.04068779840952929,-0.025507707066283438,-0.001187482576751205,0.0004768081824301218,0.01891768292748681,-0.025767294144417932,0.012444375635103951,-0.004620967536405518,0.033742828285352335,-0.025445827605850062,-0.0051539132569054106,-0.03254791344833779,-0.00889169508093382,-0.0067216001185135855,-0.0016306995919809588,0.001421798469124861,-0.011897120080435752,0.0023645865329688784,-0.012589164414211363,-0.005035934533081118,-0.007600100761446023,-0.009036436120944773,0.006090594743448582,0.0013476698896465818,0.005603429400874334,-0.01499781353102704,-0.009804069221023096,-0.054960746435829905,-0.018805928673641177,0.05496462999775299,0.09917257202451722,-0.09713588814931312,0.04648599698766604,-0.10001039045013996,0.04745372968288369,0.027008796683938234,-0.028174628889335526,nan,nan,-0.09148325052864845,-0.12490792766396998,-0.007701240497830171,nan,0.08915259584284084,nan,-0.04217090500211003,-0.0005393427797003395,-0.05681572470004144,nan,0.05589847840553669,0.07460537292702253,-0.07226346192048286,-0.05177863473780308,-0.07225882885247194,-0.022934653227760934,-0.017465177068932858,nan,0.0051862891351882115,-0.05776757706918499,,0.17259424430056958,-0.013840319711704593,nan
sub-154,-0.17511567392494864,-0.021337469208320324,-0.0011445079790679694,0.1045323285667857,0.005103346278444261,-0.013889514913409288,0.03083867200499905,0.18021312000979028,0.1525084684897142,0.049632560575430654,0.054409388601368146,0.2082982877460332,0.05914421514414697,0.025669384337931277,0.17591266047829607,-0.03567650740677939,-0.0013396803716381484,0.05012699345218492,0.2217304432375659,0.2044480022252504,0.05651271777028533,0.0025278051698213733,0.10306910665821417,0.004783463398488792,0.1066910502333886,0.14782239066742825,0.16175848963186745,0.08155334811729514,0.15036869449635176,-0.036121446268204474,0.0702963109627009,0.023529197606333555,0.05188856362815327,-0.03241496704099191,-0.06443206334658164,0.018335592715609778,-0.08061186416492798,0.20427023793604132,-0.09409582217308055,0.08258709750578029,-0.2286115226121635,0.0651332490040239,-0.001408514555141523,-0.07476554892416912,0.10966598370111123,0.0999171100592539,0.08282931409771685,0.005784028166075956,0.2464428198462002,0.13157277374357823,0.08205614295124859,0.05670845409299963,0.1475630548407432,0.06560134542574861,-0.11350772582604089,0.10003173066596356,0.04775099350673444,0.019117872681505645,0.1713028853679459,0.003301737529394985,0.1325354682625457,0.08114793441968997,0.020865238188838932,0.08258969528925256,0.04423238075186095,0.4239259333479551,-0.2571553187302511,0.19158436543160912,0.07807741941178492,0.3601357693770172,-0.04391165433537039,0.20521558425175485,-0.1987307402419365,0.009082066712439801,-0.16223345716098667,-0.04695183027642458,-0.08690696916633368,0.02756754644929585,-0.16995414645425072,-0.16247408372314487,0.03103289404809431,-0.23263795233697565,,nan,-0.0874794250475906,-0.07992575874046673,0.1449278845545658,,0.017179831441851097,nan,0.11866628147008922,0.08769956265570794,-0.12166313505871809,nan,0.09004109550063953,0.0755567793855975,-0.037032962403986014,-0.0876738007079795,-0.10709979131468836,0.05794646695215439,-0.03713358669774227,nan,nan,0.13701045299239425,,0.029083332430524866,0.18960414263253642,nan
sub-155,-0.010691737824807597,,0.0011291622799678215,-0.02547302489141244,0.02745757967496393,-0.02270363276476125,0.15911514435543395,-0.009096836330014138,0.04840115831751545,-0.024655556495834292,0.13668451083053038,-0.048166929265462705,0.22602550411560024,-0.016802504894083733,-0.02038833152047803,0.11935031372777256,0.015979839921596267,-0.028001584346482047,-0.03383351473585666,-0.026602462257322906,0.12248874495612001,-0.027046462629055797,-0.054379515209213074,-0.0032724216584008948,0.003119916941715421,-0.022129378607056403,-0.05736747607901718,-0.014161981279963865,-0.013618947628207836,-0.03956270676704633,-0.05557192223203114,-0.09253554256013075,-0.026965116547956955,-0.012716148482208313,-0.05363579432360101,0.2597474629646518,0.020009233182722665,0.1262377305584775,0.09202686546399538,-0.054345442850322986,-0.14962163471940285,0.010745094311814555,-0.0011361337150706204,-0.02845939787343181,-0.061169670146945763,0.08281827654142773,-0.13632413289144685,0.10308618058128727,0.03904671613419862,0.0516274211681817,-0.024645008803522037,0.1470809829658061,0.007532649213176645,0.13981142950018857,-0.01002422603185916,0.05422127754631138,0.11639423365426872,-0.028479119574388038,0.02605075798985424,-0.01865113956242193,-0.005858582317423202,0.04619779655271185,-0.044203738713775184,-0.13720746298153552,-0.009640024716851922,0.07025549311304585,-0.03032599141247328,-0.016897325790163842,-0.02261330397085716,0.03929612692185459,-0.023515247733965166,0.024250656592172258,-0.08956885820915142,-5.2969119962220645e-05,-0.019515617839219013,0.0397830402477375,-0.10756241284580614,0.13134066006337092,0.053435577038391566,-0.17280415969114385,0.061901931079674316,0.04144836851613992,nan,nan,-0.03346760994916597,0.026255521257279514,0.02075532735668004,nan,0.007015684095346325,-0.1307262976904373,0.007169418467215142,0.07606114337379255,0.039552710127596626,nan,-0.005767465582371009,0.009086199254107634,0.24031666232145743,0.04310983444227516,-0.06242648332523232,-0.10069059989598211,0.10243616441844419,nan,-0.13887242377870956,0.030354191441923944,,0.009224356761218803,0.07055502397668033,nan
sub-156,0.008827196418590443,0.16555386050204954,0.05544261661786627,0.02655081278756587,0.09547104649934691,0.21248615615846922,0.055881828452025994,0.005731519683256171,-0.03686660237892583,0.0036586596461188467,0.1272241617666234,0.20524188887783182,0.11442236476403986,-0.03388642467801847,0.09810666043463014,0.040177274412277496,0.03673931561199174,0.12825802141882275,0.17417896633600313,0.1849434686937464,0.11885195407667572,0.08418335394496611,0.0567351682050824,0.14615273660294575,0.04300552771465673,0.031964944007075224,0.17711797710399302,0.1021434887084881,0.00730229065581516,0.1365770822904807,-0.0072005607413553,0.10244315471641101,0.11902314936209143,0.06816970663435529,0.05307090878098293,0.14018740996360168,-0.09326174428331702,-0.054312417785832554,-0.05309478877102061,-0.041947968518857306,0.09231442431520191,0.06928770248385266,-0.10480519996392841,0.033383393284837415,0.013271132310596637,0.1103381805229477,0.23895040119056854,-0.03053650472507751,-0.03288185252386122,-0.029159385901226978,0.028263563556373397,-0.007562040771808431,0.04117574187918162,0.05882242859851482,0.002230611041743691,0.024830007375437852,-0.03915338709549498,-0.021144001494083804,-0.002792249167796435,-0.016022611612828735,-0.016744559901897094,-0.018199382371944756,0.03682908865418927,0.04507543417249872,0.06794448883622105,0.06517035011090808,-0.03330917771725926,0.015951616198554133,0.01777540585333924,-0.03329438341341205,0.1069754275599106,-0.025749577495379036,0.2970627615220802,0.11508824738871933,0.04259514558668255,0.09422264997142943,0.10922727140008497,-0.0023308748275130296,0.003383700448696923,-0.13732982969596264,0.018412012449249723,-0.06709325885579559,nan,nan,0.2534336304578242,0.01359787492951537,0.009863693832537088,,-0.12143197219075622,0.1269472478213901,-0.021759398061031925,0.0737307858514898,0.011529730262878206,nan,0.15060741397849653,0.28908432736356054,0.38668833924297485,0.042087739104808994,0.09016463210696482,-0.15187970416719232,-0.020220642158938845,nan,0.006955590072931272,-0.12968244407386056,,0.11962834973164416,0.10134811733668216,nan
sub-157,0.05742261627789669,nan,-0.0013038350779024895,-0.004894083928667421,0.03921584398772241,0.07845322171317196,0.03689927377507707,0.09094205547591816,0.10615069109031824,0.0490814860003658,0.02846716857909,-0.0465262722219381,0.014692325609671337,0.32153594796734364,0.13345447303790225,0.22723283793519827,0.018919106248271426,-0.016227327385857887,0.006508039798366472,0.03303480183441168,0.13122198009975208,-0.042777157638770186,0.04541421264651846,-0.005523969130104223,0.12645435759438217,0.002333495534754356,0.037024965059546465,0.08491466610632055,0.028690743698204922,0.07449440153271662,0.05424206589421117,-0.025550258726087675,0.04670823393323099,-0.06801165328523232,-0.16072910680520297,0.18463510743406825,0.0028442872532768483,-0.00834272676118341,0.004236643439375834,0.009251650453685704,0.056164078882400846,0.03898492080613865,-0.056108221394517384,-0.049528363955535636,0.05117327405538555,0.08921853487745268,-0.024294780053689086,0.024831937259880643,0.15245566073258052,0.0714339614248462,-0.06980470676039645,0.046232931242559325,-0.08426658466788522,0.07858060227118766,0.022326449387469083,0.09546169987449962,0.01738884833238917,0.023813163153318412,-0.10871579493680711,0.041643337236426214,-0.024403635590694812,-0.008228084198602638,-0.0292899179871244,-0.03256343404034177,0.06302144503527875,0.06496390860261964,-0.000391037607299131,-0.012017481524495326,0.05340280063964437,0.10160177400219132,0.05739800060929419,0.04077281175753429,-0.22929440776008014,-0.10975023949216378,0.10015595139671249,-0.04111881987662686,-0.046596128487636376,-0.017387779484366084,0.03486920185412638,-0.06624535186979222,0.01686820375949661,-0.09195641391340786,nan,nan,0.02152998829897308,0.16219957552294056,0.05013375595086521,,0.011212961373356646,-0.13946056394196188,0.08124285674743881,0.09224539692491165,0.0738411100395254,0.09900744076169983,-0.033570219962197737,-0.07631546327341719,-0.0022464166337237902,-0.020064299771099185,-0.10081674504034621,-0.03978626478005082,-0.08390244373335101,,nan,0.1611783883012996,,0.019409880876615167,0.2992981929468497,nan
sub-159,0.18536496458034635,0.06115915312563672,-0.0184088166822155,0.03536541102627566,0.07431686056317219,0.09300741094185208,-0.008973773216402558,0.0587366712652849,0.013989707015593733,0.022652536082887732,0.1712747247268177,0.0048601183315235,0.06359447002855184,0.21141641941931627,0.05477690500221077,0.19724785044413623,-0.07711630566548733,0.11321227804183553,0.018536093423241327,0.027465281720675146,-0.08286219852194024,-0.006820318651203557,0.014859940599220283,0.05503760081526343,0.03027338987258285,0.057834289969311725,0.013453448723217395,0.047767630719572254,0.02469195298913599,0.029375932145109272,0.03657653826260181,0.02375023639348714,0.08234266870727479,0.023172932948353958,0.06191811079012382,0.14271346274690305,0.32491153451629773,0.29272907849073077,0.16441080888668258,0.06533936394137249,0.2082723825531157,0.10161010771607337,0.0739351686124827,-0.11709846296489948,-0.005028552714646032,0.09505367092495623,-0.022053919522964205,0.02161531151333236,0.027160975989325785,-0.01189738383920384,-0.0025148981989627003,0.11159977574228,0.02904659115470376,0.143268827012746,0.12470265254419467,0.022616004832095624,-0.0965809840287267,-0.01667230171938998,0.024907206921203476,0.06640588039468648,0.005925444008806562,0.06313560003431373,-0.09429901674414884,0.09102254358352253,0.05179399824823451,0.15462318347140214,0.06614678492556034,-0.035476639512436625,0.011257857832161959,0.20967752277542692,0.05871675459169587,-0.01864933999903986,-0.02069846928397562,0.046793892011595596,0.3315313710418176,0.33142045601287096,0.1538866362271435,-0.11845998998345379,-0.04952475558031373,-0.040707227331633185,0.2131219666489909,0.2500189038416267,,nan,nan,0.19676803479138288,0.047868835436278484,nan,0.13355957124298073,nan,0.047343166779444126,0.16546890732441139,0.30987074421643024,nan,0.01115624716705796,-0.06557378946555353,-0.1333988301377648,-0.0952236629354219,-0.0204436145820446,0.01717690550897647,0.18184406858586552,nan,nan,0.05902123198426354,,-0.07286998095853744,0.05084077078990973,nan
sub-160,-0.2900202888195353,0.20200221789694836,-0.11802104827640278,0.023203884143434668,0.010505368415152712,0.12323100494570458,0.1460192183097191,-0.03220741385394227,-0.08679307114700045,-0.006409742515055239,0.05702424204731109,-0.09135258773416233,0.06167473956399575,-0.09877284594912403,-0.22084170781919227,0.33070967223325476,0.33582563140795296,-0.06251537880858016,0.048987345875775565,-0.07412014888526484,-0.12642019964534462,0.10700267951381667,0.011231500600794916,0.031006142676316236,0.09117664834639405,-0.1208830872645,-0.020056488627152726,-0.022527846895455596,0.05790917013421744,-0.09401620717420453,-0.05618784094980829,-0.025294198188508667,-0.04557301992810041,-0.0034602462624824045,0.16838358219046504,-0.10466837773962329,-0.15347832310726633,-0.08236619756799989,0.1259707399628541,-0.04650932718241806,-0.0980187799203015,0.03106009795291125,-0.09442503898721502,0.09264689517310712,0.03363806156642382,0.02656528270024426,-0.05198715998862621,0.0819993179423178,0.09641265661352452,0.01987897301666229,-0.10570272085493622,0.039961342856230445,-0.028829854752497996,-0.24905688468509102,-0.1484094194404758,0.1702484205152093,-0.06052262715452124,1.242535204281413,0.11411908720507066,-0.16237620918090445,-0.2049486438671932,-0.04867910849284836,1.0309229443513348,0.44899505314572036,1.2275233193753392,-0.0031439694696563936,-0.15636832118869703,-0.0842512377485241,0.06440123559213629,0.379967088884413,0.3334263474143453,0.5188093159552585,0.5693423556217387,0.44602393909508065,0.06983619799559729,-0.0396053800060231,0.06625308395492027,0.08358988818462937,0.02744525969055414,0.05125956054663762,-0.0353815462154638,0.15359814855520665,,nan,-0.1329943044424573,0.4988344013541538,0.4643097958300608,,0.22317788236585068,nan,0.01855727024061802,0.05114864237081601,0.12433582201180282,nan,0.1289845863120594,0.4681391860671664,0.05528617863449181,0.032936818191780015,0.20080174571864048,0.07140431544194134,0.25096352355552143,,0.06930301145943965,0.4416459450808625,,-0.009321880938536815,0.5092763407231354,nan
sub-161,0.033664493871467624,0.35798210966838473,0.05297289633320716,0.05181232657459057,0.04924446169015677,0.004630749526156837,0.05125548252310116,0.10775552081766222,0.10528549150345184,0.051180772204306085,0.05471050273590573,0.11155239906457465,0.22857427417534829,0.0669552547530396,0.1719055574170748,-0.10052027812634765,0.06340632017230236,-0.02017908933028508,0.03858479280688374,0.03932717853397747,0.11720364523711357,0.06698311246939383,0.029377625923699226,0.05882789761445821,0.060076541819517965,0.13329786160029394,0.08680479094193622,0.029795105946865515,0.04049061362177293,0.08617950461698473,0.08101490743380653,0.14046669285898383,0.056628690718446326,0.09623174569660964,-0.04608841036876695,0.0429881953800908,0.07589301531657645,-0.07669684709260338,-0.1008166609645951,0.07131916162419785,-0.016214784627221614,0.07580208100106094,0.11753486490030451,0.027959517562565164,-0.012920151914813667,0.062200088921104714,-0.01594164266762135,0.014659660460677616,0.04631093456164917,0.015626857578353647,-0.018816768736971735,0.053783371811668784,0.10842505569488421,0.08071197845068417,0.07758802662349015,0.08798646242855143,0.05415154435656118,0.07062544062765747,-0.003118621781450004,0.060315457005650865,-0.008278664409019684,0.0626104166764963,0.0597876298959696,-0.04826723479003982,0.0487692041262435,0.040715460802913064,0.055566162006838005,-0.00555496240406949,0.0015396331826916356,0.1442412557798501,0.07218102659186765,0.01794839347460373,-0.05330548530388732,0.00596611601350168,0.040485446806210273,0.09737931983593727,0.03042218749863129,-0.048070955609875024,0.03872273781604295,-0.06538184692130308,0.005270759177199111,0.037788082817493115,nan,nan,nan,0.04573688637902684,0.04618277150691345,nan,-0.0246737920070748,0.15565134901187558,-0.17308005802057014,-0.017923280124934285,0.09625220326235921,-0.10258818981942819,0.08233305085967756,-0.046097572936950264,-0.11840770970783629,0.059049345798479175,-0.0061440022138947595,0.47613882694699294,0.024820891457922933,nan,nan,-0.005756681854032834,,-0.000768415639691659,0.008748465319485012,nan
sub-163,0.10901364013100359,-0.34004973012422135,0.019337976180414884,0.08081053815956936,0.07005246633986051,-0.07941000635503664,0.022371661312704502,0.07015230876471494,-0.07109889401964126,0.14897667051131575,0.08539128427960936,0.05332134852158225,0.027136884635544388,-0.07334893113246821,0.004907042576196878,-0.2625242407529106,-0.023958350334200136,0.023037040949554964,0.20579002264209373,0.05554238525521623,0.10686753639120602,0.05968436914318025,0.002579477288120267,0.1629135827146468,0.1042742533506695,-0.10892697433901752,-0.014444451216488675,-0.029317253260982896,0.10408376014100765,-0.029419401700422336,0.05332729056536776,0.047541074038826014,0.001218141219666402,0.05161547561705915,-0.11388637161865345,-0.041589395798065816,0.03813242983195349,0.29515416448489795,0.11493405757835531,-0.015992380965187215,-0.20279573640762988,0.057524688232070284,-0.09628889055260803,-0.04435600471734977,-0.018000972747574145,-0.014175220759148604,0.1076697404826798,0.05212865442866242,-0.033011028234810516,-0.012427550233564956,0.03498448240428609,0.1321379933658747,0.025676223189097187,0.002603241819925528,0.05699287736061362,0.03575134879222985,0.09119862029257293,0.09439366412780689,-0.08378777905604573,0.008603603359477012,-0.09059666762249352,0.038499815605704854,0.055477229306171535,0.01839321313738662,0.04467189698635645,0.025664939376396786,-0.09276161790035262,-0.09569959285077809,-0.022825226178804024,-0.04948236225573327,0.023858239161937675,-0.06173840766720659,0.06506660735594197,0.05276927232736059,-0.0656369577093659,0.030520525106899215,-0.07405464154197658,-0.07342711823324496,-0.061597965454104404,0.014460253263110678,0.08842295378332116,-0.09968402003880715,nan,nan,0.27641453538264105,0.12588711149951107,-0.006982931434048752,nan,0.276488941679844,-0.025100507486953465,0.04269216153774333,0.0480644693906577,-0.13875919670183753,nan,0.07323166353068851,0.21571831678473363,0.17166818808463552,0.13601725821509553,0.14122343082116173,0.05136718320279054,-0.031966783973688934,nan,-0.10780949501052481,0.13657752893542494,,-0.01285581238983707,0.13897438812866492,nan
sub-166,0.012916169734435887,nan,-0.037609948529738355,0.08329379364120651,-0.1211847505268611,0.05957921262262278,-0.0654759064434576,0.042034828373551755,0.11965348193107292,0.034591195798308175,-0.05347811747111134,0.048756450395448916,-0.036443783318530515,-0.167181131030382,0.18993020878797007,-0.010498166247938555,0.21183543152095363,0.12809796019501135,-0.019699099019448725,0.11688207367120328,0.03729052835017214,0.013985808401487235,0.05401423345063793,0.048556249331021095,0.09334422951345692,-0.0036411549160682193,0.16851860810972072,0.0804547269082341,0.03237261496499993,-0.027615726915681142,0.20830451384495963,-0.23926089064722594,0.13452054686071846,0.034624614531535716,-0.03051276902911558,0.08551958438743956,-0.11352439616733931,-0.016858345510177855,0.007692030436138041,-0.12786795852787936,0.10609117807873208,0.06960206896975335,-0.07390679815753295,0.14793904677569225,0.12097394985601358,0.2592893765891194,-0.1281106685424065,0.05595815012694874,0.16365503865808662,0.019558419437430682,0.12056110293408455,-0.007844579796126894,0.09002808351192265,0.06467425973255864,-0.13753752781749928,0.10883493263780253,0.12423084711071658,0.36351393037515967,0.3217179382968154,0.16542473779644262,0.167609540587459,-0.039824383833883495,0.028304509700033963,0.07142397189867868,0.07867670727753054,0.18007058616761312,-0.035492610803296465,0.177500366512023,0.09614006778520455,0.18033256014917798,0.015897723194979417,0.30098027557553975,-0.020338896931320058,0.10874154618003623,-0.05928887094332972,0.12467020800330139,0.1129494889772853,0.030448682214505952,0.05390429941263153,0.08099979246976913,0.04848716549293605,-0.173326396314109,,nan,-0.08199610426072779,-0.05685893495837875,0.14033592868588163,,-0.12257353572155709,nan,-0.008797482168269675,0.09331893347945625,-0.07828937029722263,0.10510307262387203,0.06098482207548395,0.10698563601239358,-0.08737598632651244,-0.17153940386838593,-0.0853932145322496,-0.1644044357138248,-0.1275675733852078,nan,-0.04531058998812432,-0.04611843709942815,nan,-0.15745011214089422,-0.04480776114863208,nan
sub-167,-0.023353332350491852,0.11942512158727032,-0.03455851976889174,0.07662844768008695,0.19373705234175514,-0.07452934701151667,0.022998765772606143,0.20207861253562356,0.054012976124416606,0.3822535684046442,0.05589508002687053,-0.028285225381289088,0.028040924383651928,0.05558022455782385,-0.006598884024834873,0.14906930907252014,-0.08997564774120531,0.03127788708169625,0.0021150717249142676,0.007079607124964938,0.09429480993259916,0.02523341631776921,0.22532168924391938,0.003878029262915802,0.3742861957014742,0.2086820187265249,0.03258188885855174,0.026021005590978804,0.06382937470093009,0.08690777234673147,0.2635020035266069,-0.04469829998474251,0.12053284325851381,-0.16583727930333336,0.15042093456659028,0.2298280255617072,-0.033519134627931164,0.08308313616634397,0.008981603944435718,0.07341366108188982,0.3648942294797572,0.11981943540447829,0.08299163701042526,0.16220318488566937,0.037662436281013525,0.16687470167340385,-0.28440228021270647,-0.046175597773929586,0.01018950038177633,-0.028093950607143925,-0.07628650036533496,0.06923012450578345,0.007387557994187437,-0.04044967202896614,0.008503200445453982,-0.028466496337368155,0.1826277092560949,-0.06324639033330164,-0.028940789652522877,-0.007313628947681309,0.05252462489967527,-0.03753242078575887,0.09882036775165237,0.09760256540677993,0.023435650585388768,0.1800624121771136,0.46245893439251196,-0.06210979326401871,-0.03395880872822253,0.022977414386510804,-0.036463406732147444,0.050535702248175066,0.009414301078179806,-0.03345146243547964,0.20855712382671604,0.15410797287068273,0.014561760245120185,0.3555186431876443,0.14607502039966896,0.022350284547446676,0.11848685755607491,0.1713557894507532,nan,nan,0.10251614718067947,0.017491944629599812,0.04305953620029711,nan,0.04732926827460211,-0.10489676271318231,0.03761514771086068,-0.02859568391695058,0.0509006198462261,-0.12401392227650282,0.057522645070991196,0.12787938533470067,0.011744857415543934,-0.08160668007905782,0.005891929304567747,-0.2333409742316612,0.00352962533702843,nan,-0.20925448231084232,0.2640927682341345,,-0.02187707516196075,-0.01827106096107985,nan
sub-169,0.1673769148635867,0.016862132594013923,0.00916958802523836,-0.036564695017511445,0.08249016347682303,-0.0006782553630945338,0.08871278176839928,0.07004407711582653,0.08392203194837716,0.09384244244414672,0.10624274455613114,0.0021513267667556345,0.13810312595259197,0.06732614421788416,0.01914392900752845,0.010307398993971506,-0.10120873082170466,-0.051620150413515545,0.10664961513774042,-0.009577528682163178,0.15337819843492406,0.009089406378700326,-0.02067835828077667,0.028851005957068035,-0.008800883561542718,0.1482471937066558,-0.0022007844296704883,0.08717325162786338,0.09277954499591147,0.029469660367769105,-0.034065928796205874,-0.07590476941054683,-0.052143643590021764,-0.014160954282859746,0.008373163095559525,8.535674090927222e-05,-0.008467524701473113,0.2181584436599924,0.10870909752050656,0.12210299500383123,0.11040262832510425,0.08379681293285805,-0.07483360921489447,-0.04518437447049113,0.0673319538163625,0.021750797978372094,-0.23699629022670737,-0.00997093381984138,0.00837205720012698,-0.017176094971226,-0.06838613968106104,0.00804676088647019,0.13025589696063217,0.14866102050109004,0.04819585504123569,0.014206410438300215,-0.13762335178110868,-0.034975766346668775,0.10750927656472614,0.09877338639220928,0.0386840905360788,0.3985888343947898,-0.06855824175551528,-0.08707331120603401,0.03807268540862667,-0.031175324061406287,0.007870441524364028,-0.031113178743697976,-0.017006379720024334,-0.006446391706963421,-0.04314797233284306,0.025563792315678,-0.2301749663758526,-0.03461659201419054,-0.029405546868525846,-0.1086670026082773,0.08643046551819233,0.13628101109173518,0.09655871258263035,0.12294390959098285,0.12537413510902773,0.19110822310961245,nan,nan,-0.19109189232775092,-0.08262822966811356,0.05258039611252378,nan,0.10886851519952971,nan,0.06662364458038927,0.10443424503861112,-0.11362089750142723,-0.04893931112355348,0.09545785024975853,0.15576970931359754,0.0864487294104075,-0.05119024911065122,-0.01844093719403269,-0.007293198350564706,0.021463908003609096,,0.05899264015245295,0.14989629543832345,,-0.012181860855199476,0.04427642853009703,nan
sub-170,0.09400038875091374,nan,0.040643268416200654,0.0284946489656724,0.0073695475854166324,0.006478883685568733,0.03036938600664615,0.028233570621790154,0.045499632795973466,0.01901987080033815,0.02167525439156442,0.06384867006359721,0.014614493080615801,-0.03262093228023838,0.1506420403225049,-0.06989381876778533,0.0793922087965025,0.17204427924126534,0.10181578451021113,0.12698483721147508,0.09832757169328307,0.08092608411695044,0.06945708888738814,0.09653106147024018,0.04003234593561139,-0.004719944883788622,0.022626749007639516,0.053961795680553454,0.04877087403880341,0.20685826723040107,0.0994866546725017,0.10830544284661772,0.2001738159680178,0.10075620837534884,0.026274778290837318,0.09076927385895997,0.011372203424032478,0.0885459224283267,0.013538230750536843,-0.040353774919043545,0.06964934992279581,0.0601820891575051,-0.03262064389060252,0.08880566283690308,0.05834216164266964,0.021541323277736744,-0.057576091137622215,-0.002347446241646726,0.031150258479675855,0.03614650917286742,0.020498818887382073,0.010816726536975067,0.12413402753808045,0.019165764965108474,-0.03631834962240376,0.02745267422188804,0.03785903273451932,0.005389671554468902,0.07279184977449366,0.15870031718118435,0.07556094963165128,0.08695479702658224,0.12151461693940624,0.022431887060479636,0.13205505306644352,0.019077294818323817,0.043976862732438775,0.043422316531146005,0.06304553033896601,0.03263868449962942,0.0008190792398970488,0.14812143022522994,0.027084385178548782,0.0691183341846884,0.00017112804536376924,0.047517241201416996,0.015210284531481518,0.0018890400739359327,-0.0891158844460988,-0.021137622125080933,-0.14086434483628238,-0.029878277635066848,nan,nan,-0.016317695357290066,-0.01851545635397522,0.05614629496713743,nan,-0.023673032118406136,-0.08473507913835794,-0.011268991119027317,-0.006999985025632129,-0.011241623424462275,nan,-0.025974256220289677,0.057724258612962376,-0.03879911307352728,0.03141336835498861,-0.007523725821031087,-0.1763400130406616,-0.028225939497090534,nan,-0.06997515703920976,0.014196365914550133,,nan,0.009569028354107681,nan
sub-171,-0.008477248962960534,-0.09036538186810833,-0.03349520394902382,-0.04220390969985855,0.02205196103856752,0.012273639563466075,0.16012209562480617,-0.024680369730431258,0.06907150989784566,-0.07464085198757303,0.28783914150076534,0.09411602702699395,0.06158567958516932,-0.029336652855091502,0.07415404100479023,0.03787548219867995,0.0016126604768341509,0.12513655568142124,0.1117674570007458,0.06618930482502455,0.0666295512349406,0.04384997998981696,-0.034811153255412085,0.055414016502393006,0.02783905751317415,-0.099326624193974,0.045782081578834705,-0.00909693050311177,0.038787073135385056,0.01688818854172143,-0.07525929112696422,-0.09956435588087192,0.043371451375378914,0.04557630495432687,-0.11528672232672002,0.16839886309712415,-0.10845737717837782,-0.0051731515893492525,0.06988313512662364,-0.17130234639732791,0.2795353062980218,0.0356285489951309,0.24061869570749256,-0.09186583637274864,-0.06108406211630339,0.19890231545515788,-0.05841747890886001,0.13613211682107929,-0.007575857814676658,0.050869999169618665,-0.03888413323984631,0.07127767729660486,0.11042907499071475,0.10574468798903677,0.26323792457471873,0.05440319187289179,0.024509340064646515,0.04060662223893108,0.12419476647869232,0.10385590379647774,0.11558370754489773,0.19749291457638887,0.11991009627027444,-0.011656786879858433,0.10373048124434525,0.03034548033570678,-0.09098610431379045,-0.025646147095541444,-0.08419381921306643,0.2340299264770087,0.03961822631927024,-0.13926271772559434,-0.016950176419041313,-0.04879470394970163,0.13058340295488252,0.08450446050732649,-0.15793195906824875,-0.25452977138314925,-0.01104891923792201,-0.04604997766968527,-0.08055380613978266,0.13257171462513143,,nan,0.039732601952461616,-0.045491489045864475,0.05762176926319612,,-0.06316354031147099,nan,0.06297208600022323,0.07889464108051937,-0.06757574185062962,0.08126399148786768,0.008925566880501034,0.15568984827792193,-0.14940846092680282,0.13547337249520314,0.23738364004254064,0.30377813079369154,0.21039624214530345,nan,0.01592250721071884,0.03802345355818869,,-0.01738212907802282,0.09669548487680299,nan
sub-172,-0.11706750763399511,0.011959964448806027,0.07150721942796645,0.0615065380681591,0.10923420832724634,-0.1232431894906317,0.09193953776250181,0.04447873523950051,0.10388230483004607,0.04940342597081704,0.12301879756084533,0.08135982131977501,0.10538130743405609,0.08704976896123753,0.12150415237968012,0.05398096123581789,-0.001908734320408423,0.08800435288895095,0.11728792608285168,0.1109799761073373,0.019196071932850195,-0.008304900597153048,0.006344690221942132,0.02497920142031005,0.09172604997668544,0.27686288549655813,0.015677339654188015,0.019264372654148886,0.07696881306285205,0.1313660544870687,0.06759643024902942,0.2202092809709279,0.00754836134972217,0.05333643224202256,-0.10060400583187346,-0.07332262262644873,0.05305872083269744,0.1026247026845,0.000724993608594419,0.017898323221168355,-0.029537841772337835,0.06173430516122628,nan,-0.07435440343423819,0.0017554385686985364,0.10515941609104279,-0.12877012808639626,0.05951569209268688,0.08700590942435396,0.002481763797363124,0.014356251660395565,0.06077972208418338,-0.1003747558932689,0.09375573254677226,0.09273801992661498,0.208770278340993,0.04672219850863256,-0.009479745065111633,0.07321458408434131,0.1614229380021305,-0.028525300713577117,0.07711282974226871,-0.056172113321161926,0.008204905722382793,0.035176857898630814,0.1604035557174106,0.21911558838785145,-0.02200496026573103,0.0035376504911510064,0.07823554677464456,-0.003024090300160472,-0.044195019699613154,-0.08455389276039249,-0.008394279577282497,0.1373192395702274,0.08887010393415032,-0.10541465383265032,-0.13302672768249685,0.027786569345934986,-0.2566145232551071,-0.1526138925947216,0.1592096455669553,,nan,-0.025901713293426512,-0.047741094604184214,0.07284292859624658,nan,-0.0989966150345769,nan,0.1679035145733374,0.029637253355618173,0.07333263952671838,0.07837238925996035,0.09544287286456324,0.032270521752359504,0.009940385490451405,0.10075551695421,0.09454502811300887,0.06548497254841106,0.062668302280048,,0.004124484229126108,0.0700387082688792,,0.0613093827371064,0.14324647254889994,nan
sub-174,-0.00526261300350455,-0.24288686639134163,0.03891659259408585,0.05636905192691395,0.12200837556643393,0.22364902940827047,0.0007032522518416887,0.04312282525552495,0.03576807360013959,0.07276196216259953,0.00026414280517581543,0.0023491360958217003,-0.008307080156541032,-0.04686569966962263,0.06314368893582262,0.011885551553690765,0.038019668150913885,0.14123654896110846,0.026681425886675943,0.05442897023535093,0.007582625368501959,0.01186316322107061,0.12368436734425364,0.09660905908881051,0.04730813337319925,0.007104405916581718,0.10190892780072702,0.11450630721110222,0.053781804616210405,0.026441081982085432,0.02974916899370343,-0.013942263403300435,0.128977994429131,0.02425426658382862,-0.0012521721095462126,-0.007240363812401958,-0.026933941269718577,0.003079315346713581,0.09916844972830527,0.11822846554826062,-0.05803052851179811,0.04877194569189278,0.021453026392953344,0.06640873530299894,0.13192432905338175,0.049713024742657555,0.03014602017325943,0.03046773104842282,0.04455603244038277,0.06202676553057372,0.17475814110818372,0.0177239766736245,0.29000524785019227,0.06725502084830312,0.08145395540000656,0.15673359526800446,0.11683531682544405,0.04256789154609636,0.019553474770100002,-0.0861828564023045,0.10382270095137519,0.04946308899529675,0.016118712385842907,0.07352043055101559,0.06384893456664567,0.08333968277730529,0.05669871322025417,0.08367257768323202,0.14100440198390404,0.07071567638744944,0.056143029551080505,0.08445257039928131,-0.06575956821344525,0.019851325053071366,0.0607042400256971,-0.01981726937779419,0.03766796222268806,0.2693758480695937,0.22793866265935242,-0.011931505913569188,0.022134417152704033,-0.1387577637607723,,,nan,0.07123295036874397,0.05813976908846203,,0.10388454342594416,0.03198892502356995,0.06509261270345454,0.041766162240472415,0.1324697233102464,nan,0.04383638435323989,0.057040937535871555,-0.0221552360382285,-0.001842711975253904,0.029857758487749412,-0.038676482199276434,-0.012463028495394345,nan,-0.13262798163080286,0.04334125712738092,,0.13026494503818775,0.027105318626290162,nan
sub-175,-0.0345280435165916,nan,-0.01013965392983032,0.02068257389812561,0.05675275549421315,0.11287843281365151,0.031179073743140284,0.08769307560497493,0.01731262865924056,0.015421952466377016,0.1715220971289429,0.08326108118634058,0.17526333364363803,0.060294122371372466,0.07227199701258091,-0.10096149034652419,0.1379807013504516,0.011701472425074189,0.07127359163547392,0.009189973347211115,0.03804229271143859,0.2502235945805652,0.011171742130668487,0.10525465889123013,0.04560456521212769,0.0778556926702807,0.005841576778308929,0.02542062912796241,0.10516074945239944,0.029993413391426783,0.05728307450156321,-0.004149541814479152,0.02441080190922987,-0.049759076194507944,0.14205462496445723,0.2999798174346596,0.06557512073080418,-0.018747820638587785,0.12927488195779768,-0.03493422494366454,-0.03063030012966019,0.12303476327343776,0.05891894785164349,0.006672198092460735,0.12008183743937455,0.19569105467157125,0.007625932848174652,0.1316873848547135,0.12555041606588677,0.050447840313454506,0.09565983584277879,0.1874057593709683,0.05115831312230156,0.1777995149867961,0.04934449629082399,0.06491615902445119,-0.07355414807139879,0.4436536595475459,0.06282877728055858,0.21645568589271794,0.0886094470675055,0.06953910407332062,0.9701904386109474,0.2511129477323718,0.7031771156509325,0.1019214651866694,0.09826345703660605,0.13714558056241383,0.13140314696836441,0.3837608810171751,0.21206090177880982,0.20921623087603605,0.7565233773822256,0.11889279768403987,-0.12614354010059356,-0.08411042413264794,-0.1982860717749056,-0.08720532551795045,-0.21717709129026494,-0.057443688469867714,0.01829926849691075,-0.018386400760330927,nan,nan,0.03587380082303046,0.007235190000853301,0.2801000360257259,nan,-0.004989792861721298,-0.06937285274479202,0.021382075298980542,0.08646302113760163,0.0390810967970007,-0.0034510310905343797,0.03207053325102708,0.04384161964807519,0.07117440579732845,-0.13407915781938917,-0.030304911152094764,-0.19080817371779035,-0.07620353293868759,nan,nan,0.07430375767946268,,-0.12545086672276412,0.11398669844608758,nan
